filename,pages,characters,status
Anti-ragging committee and squid.pdf,2,1342,TEXT_EXTRACTED
BE SYLLABUS.pdf,143,234807,TEXT_EXTRACTED
Dform 2025-26.pdf,2,2169,TEXT_EXTRACTED
EOA Report_2025-26.PDF,4,8088,TEXT_EXTRACTED
EOA-Report_2026-27.PDF,5,8750,TEXT_EXTRACTED
INTERNSHIP-LIST-24SUMMER.pdf,2,2021,TEXT_EXTRACTED
IQAC-MoM.pdf,3,6260,TEXT_EXTRACTED
MHSSCOE-SSR.pdf,76,132330,TEXT_EXTRACTED
Pragati_Saksham_scholarship scheme 2026-27.pdf,1,14,OCR_REQUIRED
Prospectus 2025-26.pdf,24,45782,TEXT_EXTRACTED
SEM-I-NEP2024.pdf,51,91864,TEXT_EXTRACTED
SEM-II-NEP2024.pdf,123,211713,TEXT_EXTRACTED
Sem-IV.pdf,1,1300,TEXT_EXTRACTED
Sem-VI.pdf,1,1453,TEXT_EXTRACTED
Sem-VIII.pdf,1,967,TEXT_EXTRACTED
Student Grievance Redressal Committee.pdf,1,1180,TEXT_EXTRACTED
fee structure 2026-27.pdf,1,14,OCR_REQUIRED
nirf2026.pdf,7,14018,TEXT_EXTRACTED
