document,document_type,chunks
Anti-ragging committee and squid.pdf,anti_ragging,1
BE SYLLABUS.pdf,syllabus,237
Dform 2025-26.pdf,admission_form,2
EOA Report_2025-26.PDF,eoa_report,9
EOA-Report_2026-27.PDF,eoa_report,10
INTERNSHIP-LIST-24SUMMER.pdf,internship,3
IQAC-MoM.pdf,iqac,5
MHSSCOE-SSR.pdf,general,132
Pragati_Saksham_scholarship scheme 2026-27.pdf,scholarship,1
Prospectus 2025-26.pdf,prospectus,45
SEM-I-NEP2024.pdf,academic_document,89
SEM-II-NEP2024.pdf,academic_document,209
Sem-IV.pdf,academic_document,1
Sem-VI.pdf,academic_document,1
Sem-VIII.pdf,academic_document,1
Student Grievance Redressal Committee.pdf,grievance,1
fee structure 2026-27.pdf,fee_structure,2
nirf2026.pdf,nirf,14
