filename,status,source,destination
Anti-ragging committee and squid.pdf,COPIED,MHSSCE_Documents,MHSSCE_RAG_FINAL
BE SYLLABUS.pdf,COPIED,MHSSCE_Documents,MHSSCE_RAG_FINAL
Dform 2025-26.pdf,COPIED,MHSSCE_Documents,MHSSCE_RAG_FINAL
EOA Report_2025-26.PDF,COPIED,MHSSCE_Documents,MHSSCE_RAG_FINAL
EOA-Report_2024-2025.PDF,MISSING,MHSSCE_Documents,MHSSCE_RAG_FINAL
EOA-Report_2026-27.PDF,COPIED,MHSSCE_Documents,MHSSCE_RAG_FINAL
INTERNSHIP-LIST-24SUMMER.pdf,COPIED,MHSSCE_Documents,MHSSCE_RAG_FINAL
IQAC-MoM.pdf,COPIED,MHSSCE_Documents,MHSSCE_RAG_FINAL
MHSSCOE-SSR.pdf,COPIED,MHSSCE_Documents,MHSSCE_RAG_FINAL
Pragati_Saksham_scholarship scheme 2026-27.pdf,COPIED,MHSSCE_Documents,MHSSCE_RAG_FINAL
Prospectus 2023-2024.pdf,COPIED,MHSSCE_Documents,MHSSCE_RAG_FINAL
Prospectus 2025-26.pdf,COPIED,MHSSCE_Documents,MHSSCE_RAG_FINAL
SEM-I-NEP2024.pdf,COPIED,MHSSCE_Documents,MHSSCE_RAG_FINAL
SEM-II-NEP2024.pdf,COPIED,MHSSCE_Documents,MHSSCE_RAG_FINAL
Sem-IV.pdf,COPIED,MHSSCE_Documents,MHSSCE_RAG_FINAL
Sem-VI.pdf,COPIED,MHSSCE_Documents,MHSSCE_RAG_FINAL
Sem-VIII.pdf,COPIED,MHSSCE_Documents,MHSSCE_RAG_FINAL
Student Grievance Redressal Committee.pdf,COPIED,MHSSCE_Documents,MHSSCE_RAG_FINAL
fee structure 2026-27.pdf,COPIED,MHSSCE_Documents,MHSSCE_RAG_FINAL
nirf2026.pdf,COPIED,MHSSCE_Documents,MHSSCE_RAG_FINAL
